model,accuracy,precision,recall,f1,roc_auc
Logistic_Regression,0.735,0.7806451612903226,0.8642857142857143,0.8203389830508474,0.7488095238095237
Random_Forest,0.725,0.7672955974842768,0.8714285714285714,0.8160535117056856,0.7662500000000001
